,ID,Label,Alt Label 1,Alt Label 2,Definition,Definition Source,RDF Type,Class Type,Parent IRI,Parent IRI,Parent IRI,Parent IRI,Parent IRI,Equivalent ,Equivalent ,Individual,Property Assertions,
,ID,A rdfs:label,A http://www.w3.org/2004/02/skos/core#altLabel,A http://www.w3.org/2004/02/skos/core#altLabel,A IAO:0000115,A IAO:0000119,TYPE,CLASS_TYPE,CI,CI,CI,CI,CI,EC %,EC %,TI %,I 'hasTechnique',
,,,,,,,,,,,,,,,,,,
Base IRI,,http://purl.org/pan-science/PaNET/,,,,,,,,,,,,,,,,
Root name,,PaNET,,,,,,,,,,,,,,,,
ID number,,,,,,,,,,,,,,,,,,
1,http://purl.org/pan-science/PaNET/PaNET00001,photon and neutron technique,,,"A technique in the domain of neutron, muon and accelerator-based light sources",,owl:Class,subclass,owl:Thing,,,,,,,,,
,,,,,,,,,,,,,,,,,,
2,http://purl.org/pan-science/PaNET/PaNET00002,defined by experimental probe,,,A technique defined by its experimental probe type,,owl:Class,subclass,photon and neutron technique,,,,,,,,,
3,http://purl.org/pan-science/PaNET/PaNET00003,defined by experimental physical process,,,A technique defined by a physical process,,owl:Class,subclass,photon and neutron technique,,,,,,,,,
4,http://purl.org/pan-science/PaNET/PaNET00004,defined by functional dependence,,,A technique defined by its functional dependence,,owl:Class,subclass,photon and neutron technique,,,,,,,,,
5,http://purl.org/pan-science/PaNET/PaNET00005,defined by purpose,,,A technique defined by its goal or purpose,,owl:Class,subclass,photon and neutron technique,,,,,,,,,
,,,,,,,,,,,,,,,,,,
100,http://purl.org/pan-science/PaNET/PaNET00100,photon probe,,,,,owl:Class,subclass,defined by experimental probe,,,,,,,,,
101,http://purl.org/pan-science/PaNET/PaNET00101,neutron probe,,,,,owl:Class,subclass,defined by experimental probe,,,,,,,,,
102,http://purl.org/pan-science/PaNET/PaNET00102,muon probe,,,,,owl:Class,subclass,defined by experimental probe,,,,,,,,,
103,http://purl.org/pan-science/PaNET/PaNET00103,solid probe,,,,,owl:Class,subclass,defined by experimental probe,,,,,,,,,
104,http://purl.org/pan-science/PaNET/PaNET00104,scanning probe,,,,,owl:Class,subclass,defined by experimental probe,,,,,,,,,
105,http://purl.org/pan-science/PaNET/PaNET00105,pulsed probe,,,A technique for which a pulsed probe is essential,,owl:Class,subclass,defined by experimental probe,,,,,,,,,
106,http://purl.org/pan-science/PaNET/PaNET00106,microfocussed probe,,,,,owl:Class,subclass,defined by experimental probe,,,,,,,,,
,,,,,,,,,,,,,,,,,,
200,http://purl.org/pan-science/PaNET/PaNET00200,scattering technique,,,Any phenomenon where a particle of the same type as the probe is emitted,,owl:Class,subclass,defined by experimental physical process,,,,,,,,,
201,http://purl.org/pan-science/PaNET/PaNET00201,emission technique,,,Independent of probe; classed also as scattering if the probe and emitted particles are of the same type; disjoint with elastic scattering,,owl:Class,subclass,defined by experimental physical process,,,,,,,,,
202,http://purl.org/pan-science/PaNET/PaNET00202,absorption technique,,,,,owl:Class,subclass,defined by experimental physical process,,,,,,,,,
203,http://purl.org/pan-science/PaNET/PaNET00203,propagation technique,forward scattering technique,,,,owl:Class,subclass,defined by experimental physical process,,,,,,,,,
204,http://purl.org/pan-science/PaNET/PaNET00204,refraction technique,,,,https://en.wikipedia.org/wiki/Refraction,owl:Class,subclass,defined by experimental physical process,,,,,,,,,
205,http://purl.org/pan-science/PaNET/PaNET00205,reflection technique,,,,https://en.wikipedia.org/wiki/Reflection_(physics),owl:Class,subclass,defined by experimental physical process,,,,,,,,,
206,http://purl.org/pan-science/PaNET/PaNET00206,resonance phenomenon,,,,,owl:Class,subclass,defined by experimental physical process,,,,,,,,,
207,http://purl.org/pan-science/PaNET/PaNET00207,magnetism technique,,,,,owl:Class,subclass,defined by experimental physical process,,,,,,,,,
208,http://purl.org/pan-science/PaNET/PaNET00208,dispersive technique,,,,,owl:Class,subclass,defined by experimental physical process,,,,,,,,,
209,http://purl.org/pan-science/PaNET/PaNET00209,interferometry technique,,,,,owl:Class,subclass,defined by experimental physical process,,,,,,,,,
210,http://purl.org/pan-science/PaNET/PaNET00210,force measurement,,,,,owl:Class,subclass,defined by experimental physical process,,,,,,,,,
211,http://purl.org/pan-science/PaNET/PaNET00211,nonlinear interaction,,,,,owl:Class,subclass,defined by experimental physical process,,,,,,,,,
,,,,,,,,,,,,,,,,,,
300,http://purl.org/pan-science/PaNET/PaNET00300,versus energy,,,,,owl:Class,subclass,defined by functional dependence,,,,,,,,,
301,http://purl.org/pan-science/PaNET/PaNET00301,versus momentum transfer,,,,,owl:Class,subclass,defined by functional dependence,,,,,,,,,
302,http://purl.org/pan-science/PaNET/PaNET00302,versus polarization,,,,,owl:Class,subclass,defined by functional dependence,,,,,,,,,
303,http://purl.org/pan-science/PaNET/PaNET00303,versus position,,,,,owl:Class,subclass,defined by functional dependence,,,,,,,,,
304,http://purl.org/pan-science/PaNET/PaNET00304,versus time,,,,,owl:Class,subclass,defined by functional dependence,,,,,,,,,
305,http://purl.org/pan-science/PaNET/PaNET00305,versus emission mass,,,,,owl:Class,subclass,defined by functional dependence,,,,,,,,,
306,http://purl.org/pan-science/PaNET/PaNET00306,versus sample state,,,,,owl:Class,subclass,defined by functional dependence,,,,,,,,,
,,,,,,,,,,,,,,,,,,
400,http://purl.org/pan-science/PaNET/PaNET00400,obtain atomic structure,,,,,owl:Class,subclass,defined by purpose,,,,,,,,,
401,http://purl.org/pan-science/PaNET/PaNET00401,obtain spatial map,,,,,owl:Class,subclass,defined by purpose,,,,,,,,,
402,http://purl.org/pan-science/PaNET/PaNET00402,obtain electronic ground state properties,,,,,owl:Class,subclass,defined by purpose,,,,,,,,,
403,http://purl.org/pan-science/PaNET/PaNET00403,obtain dynamics,,,,,owl:Class,subclass,defined by purpose,,,,,,,,,
404,http://purl.org/pan-science/PaNET/PaNET00404,therapy,,,,,owl:Class,subclass,defined by purpose,,,,,,,,,
405,http://purl.org/pan-science/PaNET/PaNET00405,drug fragment binding,,,,,owl:Class,subclass,defined by purpose,,,,,,,,,
406,http://purl.org/pan-science/PaNET/PaNET00406,obtain internal field,,,,,owl:Class,subclass,defined by purpose,,,,,,,,,
407,http://purl.org/pan-science/PaNET/PaNET00407,characterize excitations,,,,,owl:Class,subclass,defined by purpose,,,,,,,,,
408,http://purl.org/pan-science/PaNET/PaNET00408,manufacturing technique,,,,,owl:Class,subclass,defined by purpose,,,,,,,,,
409,http://purl.org/pan-science/PaNET/PaNET00409,testing,,,,,owl:Class,subclass,defined by purpose,,,,,,,,,
410,http://purl.org/pan-science/PaNET/PaNET00410,medical application,,,,,owl:Class,subclass,defined by purpose,,,,,,,,,
411,http://purl.org/pan-science/PaNET/PaNET00411,chiral determination,,,,,owl:Class,subclass,defined by purpose,,,,,,,,,
,,,,,,,,,,,,,,,,,,
,,,,,,,,,,,,,,,,,,
1000,http://purl.org/pan-science/PaNET/PaNET01000,time of flight technique,TOF,,,,owl:Class,subclass,pulsed probe,,,,,,,,,
1001,http://purl.org/pan-science/PaNET/PaNET01001,neutron time of flight technique,,,,,owl:Class,subclass,time of flight technique,,,,,,,,,
1002,http://purl.org/pan-science/PaNET/PaNET01002,ultrafast probe,femtosecond probe,,,,owl:Class,subclass,pulsed probe,,,,,,,,,
1003,http://purl.org/pan-science/PaNET/PaNET01003,single shot technique,,,,,owl:Class,subclass,pulsed probe,,,,,,,,,
1004,http://purl.org/pan-science/PaNET/PaNET01004,nanofocussed probe,,,,,owl:Class,subclass,microfocussed probe,,,,,,,,,
1005,http://purl.org/pan-science/PaNET/PaNET01005,IR photon probe,,,,,owl:Class,subclass,photon probe,,,,,,,,,
1006,http://purl.org/pan-science/PaNET/PaNET01006,THz photon probe,,,,,owl:Class,subclass,photon probe,,,,,,,,,
1007,http://purl.org/pan-science/PaNET/PaNET01007,UV visible photon probe,,,,,owl:Class,subclass,photon probe,,,,,,,,,
1008,http://purl.org/pan-science/PaNET/PaNET01008,visible photon probe,,,,,owl:Class,subclass,UV visible photon probe,,,,,,,,,
1009,http://purl.org/pan-science/PaNET/PaNET01009,UV photon probe,,,,,owl:Class,subclass,UV visible photon probe,,,,,,,,,
1010,http://purl.org/pan-science/PaNET/PaNET01010,VUV photon probe,,,,,owl:Class,subclass,UV photon probe,,,,,,,,,
1011,http://purl.org/pan-science/PaNET/PaNET01011,EUV photon probe,,,,,owl:Class,subclass,VUV photon probe,,,,,,,,,
1012,http://purl.org/pan-science/PaNET/PaNET01012,x-ray probe,,,,,owl:Class,subclass,photon probe,,,,,,,,,
1013,http://purl.org/pan-science/PaNET/PaNET01013,hard x-ray probe,,,,,owl:Class,subclass,x-ray probe,,,,,,,,,
1014,http://purl.org/pan-science/PaNET/PaNET01014,tender x-ray probe,,,"Energy is between hard and soft x-ray, e.g. sulphur K edge",,owl:Class,subclass,x-ray probe,,,,,,,,,
1015,http://purl.org/pan-science/PaNET/PaNET01015,soft x-ray probe,,,,,owl:Class,subclass,x-ray probe,,,,,,,,,
1016,http://purl.org/pan-science/PaNET/PaNET01016,thermal neutron probe,,,,https://en.wikipedia.org/wiki/Neutron_temperature#Thermal,owl:Class,subclass,neutron probe,,,,,,,,,
1017,http://purl.org/pan-science/PaNET/PaNET01017,cold neutron probe,,,,,owl:Class,subclass,thermal neutron probe,,,,,,,,,
1018,http://purl.org/pan-science/PaNET/PaNET01018,monochromatic neutron probe,,,,,owl:Class,subclass,neutron probe,,,,,,,,,
1019,http://purl.org/pan-science/PaNET/PaNET01019,pulsed neutron TOF probe,,,,,owl:Class,subclass,neutron probe,pulsed probe,,,,,,,,
1020,http://purl.org/pan-science/PaNET/PaNET01020,elastic scattering,,,,https://en.wikipedia.org/wiki/Elastic_scattering,owl:Class,subclass,scattering technique,,,,,,,,,
1021,http://purl.org/pan-science/PaNET/PaNET01021,diffuse scattering,,,,,owl:Class,subclass,elastic scattering,,,,,,,,,
1022,http://purl.org/pan-science/PaNET/PaNET01022,diffraction,,,,https://en.wikipedia.org/wiki/Diffraction,owl:Class,subclass,elastic scattering,,,,,CHMO:0000182,https://www.wikidata.org/wiki/Q133900,,,
1023,http://purl.org/pan-science/PaNET/PaNET01023,dynamical diffraction,,,,https://en.wikipedia.org/wiki/Dynamical_theory_of_diffraction,owl:Class,subclass,diffraction,,,,,,,,,
1024,http://purl.org/pan-science/PaNET/PaNET01024,coherent diffraction,,,Probe is highly coherent over illuminated sample,,owl:Class,subclass,diffraction,,,,,,,,,
1025,http://purl.org/pan-science/PaNET/PaNET01025,reference beam,,,e.g. holography,https://en.wikipedia.org/wiki/Reference_beam,owl:Class,subclass,diffraction,,,,,,,,,
1026,http://purl.org/pan-science/PaNET/PaNET01026,atomic scale diffraction,,,essential diffracting structure(s),,owl:Class,subclass,diffraction,,,,,,,,,
1027,http://purl.org/pan-science/PaNET/PaNET01027,atomic scale diffraction 3D volume,,,,,owl:Class,subclass,atomic scale diffraction,,,,,,,,,
1028,http://purl.org/pan-science/PaNET/PaNET01028,atomic scale diffraction 3D volume 3D periodic,,,,,owl:Class,subclass,atomic scale diffraction 3D volume,,,,,,,,,
1029,http://purl.org/pan-science/PaNET/PaNET01029,single crystal diffraction,,,,,owl:Class,subclass,atomic scale diffraction 3D volume 3D periodic,,,,,,,,,
1030,http://purl.org/pan-science/PaNET/PaNET01030,powder diffraction,,,,https://en.wikipedia.org/wiki/Powder_diffraction,owl:Class,subclass,atomic scale diffraction 3D volume 3D periodic,,,,,,,,,
1031,http://purl.org/pan-science/PaNET/PaNET01031,atomic scale diffraction 2D surface or film,,,,,owl:Class,subclass,atomic scale diffraction,,,,,,,,,
1032,http://purl.org/pan-science/PaNET/PaNET01032,micro scale diffraction,,,,,owl:Class,subclass,diffraction,,,,,,,,,
1033,http://purl.org/pan-science/PaNET/PaNET01033,incoherent scattering,,,,https://en.wikipedia.org/wiki/Incoherent_scatter,owl:Class,subclass,scattering technique,,,,,,,,,
1034,http://purl.org/pan-science/PaNET/PaNET01034,inelastic scattering,,,,https://en.wikipedia.org/wiki/Inelastic_scattering,owl:Class,subclass,incoherent scattering,,,,,,,,,
1035,http://purl.org/pan-science/PaNET/PaNET01035,quasielastic scattering,,,,https://en.wikipedia.org/wiki/Quasielastic_neutron_scattering,owl:Class,subclass,inelastic scattering,,,,,,,,,
1036,http://purl.org/pan-science/PaNET/PaNET01036,high momentum transfer scattering,,,,,owl:Class,subclass,scattering technique,,,,,,,,,
1037,http://purl.org/pan-science/PaNET/PaNET01037,low momentum transfer scattering,,,,,owl:Class,subclass,scattering technique,,,,,,,,,
1038,http://purl.org/pan-science/PaNET/PaNET01038,ultra low momentum transfer scattering,,,,,owl:Class,subclass,low momentum transfer scattering,,,,,,,,,
1039,http://purl.org/pan-science/PaNET/PaNET01039,low surface momentum transfer scattering,,,,,owl:Class,subclass,scattering technique,,,,,,,,,
1040,http://purl.org/pan-science/PaNET/PaNET01040,high momentum transfer resolution scattering,,,,,owl:Class,subclass,scattering technique,,,,,,,,,
1041,http://purl.org/pan-science/PaNET/PaNET01041,coherent emission technique,,,,,owl:Class,subclass,emission technique,,,,,,,,,
1042,http://purl.org/pan-science/PaNET/PaNET01042,high energy resolution emission technique,,,,,owl:Class,subclass,emission technique,,,,,,,,,
1043,http://purl.org/pan-science/PaNET/PaNET01043,photon emission technique,,,,,owl:Class,subclass,emission technique,,,,,,,,,
1044,http://purl.org/pan-science/PaNET/PaNET01044,visible photon emission technique,,,,,owl:Class,subclass,photon emission technique,,,,,,,,,
1045,http://purl.org/pan-science/PaNET/PaNET01045,x-ray emission technique,,,,,owl:Class,subclass,photon emission technique,,,,,,,,,
1046,http://purl.org/pan-science/PaNET/PaNET01046,gamma-ray emission technique,,,,,owl:Class,subclass,photon emission technique,,,,,,,,,
1047,http://purl.org/pan-science/PaNET/PaNET01047,electron emission technique,,,,https://en.wikipedia.org/wiki/Electron_emission,owl:Class,subclass,emission technique,,,,,,,,,
1048,http://purl.org/pan-science/PaNET/PaNET01048,ion emission technique,,,,,owl:Class,subclass,emission technique,,,,,,,,,
1049,http://purl.org/pan-science/PaNET/PaNET01049,resonant scattering,,,,,owl:Class,subclass,resonance phenomenon,scattering technique,,,,,,,,
1050,http://purl.org/pan-science/PaNET/PaNET01050,nuclear resonance,,,,,owl:Class,subclass,resonance phenomenon,,,,,,,,,
1051,http://purl.org/pan-science/PaNET/PaNET01051,muon spin resonance,MuSR,,,https://en.wikipedia.org/wiki/Muon_spin_spectroscopy,owl:Class,subclass,resonance phenomenon,,,,,,,,,
1052,http://purl.org/pan-science/PaNET/PaNET01052,spin echo technique,,,,https://en.wikipedia.org/wiki/Spin_echo,owl:Class,subclass,resonance phenomenon,,,,,,,,,
1053,http://purl.org/pan-science/PaNET/PaNET01053,electronic excitation,,,,,owl:Class,subclass,resonance phenomenon,,,,,,,,,
1054,http://purl.org/pan-science/PaNET/PaNET01054,atomic core excitation,,,,,owl:Class,subclass,electronic excitation,,,,,,,,,
1055,http://purl.org/pan-science/PaNET/PaNET01055,photo excitation,,,,,owl:Class,subclass,electronic excitation,,,,,,,,,
1056,http://purl.org/pan-science/PaNET/PaNET01056,versus incident energy,,,,,owl:Class,subclass,versus energy,,,,,,,,,
1057,http://purl.org/pan-science/PaNET/PaNET01057,versus emitted energy,,,,,owl:Class,subclass,versus energy,,,,,,,,,
1058,http://purl.org/pan-science/PaNET/PaNET01058,versus emission momentum,,,,,owl:Class,subclass,versus emitted energy,,,,,,,,,
1059,http://purl.org/pan-science/PaNET/PaNET01059,versus energy loss,,,,,owl:Class,subclass,versus energy,,,,,,,,,
1060,http://purl.org/pan-science/PaNET/PaNET01060,versus emitted polarization,,,,,owl:Class,subclass,versus polarization,,,,,,,,,
1061,http://purl.org/pan-science/PaNET/PaNET01061,versus photon linear polarization,,,,,owl:Class,subclass,versus polarization,photon probe,,,,,,,,
1062,http://purl.org/pan-science/PaNET/PaNET01062,versus photon circular polarization,,,,,owl:Class,subclass,versus polarization,photon probe,,,,,,,,
1063,http://purl.org/pan-science/PaNET/PaNET01063,versus time ultrafast,,,,,owl:Class,subclass,versus time,,,,,,,,,
1064,http://purl.org/pan-science/PaNET/PaNET01064,versus sample temperature,,,,,owl:Class,subclass,versus sample state,,,,,,,,,
1065,http://purl.org/pan-science/PaNET/PaNET01065,versus sample pressure,,,,,owl:Class,subclass,versus sample state,,,,,,,,,
1066,http://purl.org/pan-science/PaNET/PaNET01066,versus sample magnetic field,,,,,owl:Class,subclass,versus sample state,,,,,,,,,
1067,http://purl.org/pan-science/PaNET/PaNET01067,versus sample electric field,,,,,owl:Class,subclass,versus sample state,,,,,,,,,
1068,http://purl.org/pan-science/PaNET/PaNET01068,obtain high resolution spatial map,,,,,owl:Class,subclass,obtain spatial map,,,,,,,,,
1069,http://purl.org/pan-science/PaNET/PaNET01069,microscopy,,,,https://en.wikipedia.org/wiki/Microscopy,owl:Class,subclass,obtain high resolution spatial map,imaging,,,,,,,,
1070,http://purl.org/pan-science/PaNET/PaNET01070,obtain ultrahigh resolution spatial map,,,,,owl:Class,subclass,obtain high resolution spatial map,microscopy,,,,,,,,
1071,http://purl.org/pan-science/PaNET/PaNET01071,obtain 3D spatial map,,,,,owl:Class,subclass,obtain spatial map,,,,,,,,,
1072,http://purl.org/pan-science/PaNET/PaNET01072,obtain electronic density of states,,,,https://en.wikipedia.org/wiki/Density_of_states,owl:Class,subclass,obtain electronic ground state properties,,,,,,,,,
1073,http://purl.org/pan-science/PaNET/PaNET01073,obtain electronic density of occupied states,,,,,owl:Class,subclass,obtain electronic density of states,,,,,,,,,
1074,http://purl.org/pan-science/PaNET/PaNET01074,obtain electronic density of unoccupied states,,,,,owl:Class,subclass,obtain electronic density of states,,,,,,,,,
1075,http://purl.org/pan-science/PaNET/PaNET01075,obtain electronic band structure,,,,https://en.wikipedia.org/wiki/Electronic_band_structure,owl:Class,subclass,obtain electronic ground state properties,,,,,,,,,
1076,http://purl.org/pan-science/PaNET/PaNET01076,obtain atomic tensor properties,,,,,owl:Class,subclass,obtain electronic ground state properties,,,,,,,,,
1077,http://purl.org/pan-science/PaNET/PaNET01077,obtain magnetic vector,,,,,owl:Class,subclass,obtain atomic tensor properties,,,,,,,,,
1078,http://purl.org/pan-science/PaNET/PaNET01078,obtain charge quadrupole,,,,,owl:Class,subclass,obtain atomic tensor properties,,,,,,,,,
1079,http://purl.org/pan-science/PaNET/PaNET01079,obtain atomic magnetic structure,,,,https://en.wikipedia.org/wiki/Magnetic_structure,owl:Class,subclass,obtain electronic ground state properties,,,,,,,,,
1080,http://purl.org/pan-science/PaNET/PaNET01080,obtain charge density,,,,,owl:Class,subclass,obtain electronic ground state properties,,,,,,,,,
1081,http://purl.org/pan-science/PaNET/PaNET01081,obtain magnetic density,,,,,owl:Class,subclass,obtain electronic ground state properties,,,,,,,,,
1082,http://purl.org/pan-science/PaNET/PaNET01082,crystallography,obtain crystal structure,,,https://en.wikipedia.org/wiki/Crystallography,owl:Class,subclass,obtain atomic structure,,,,,,,,,
1083,http://purl.org/pan-science/PaNET/PaNET01083,obtain local coordination,,,,https://en.wikipedia.org/wiki/Crystal_structure#Atomic_coordination,owl:Class,subclass,obtain atomic structure,,,,,,,,,
1084,http://purl.org/pan-science/PaNET/PaNET01084,time dependent study,time resolved study,,,,owl:Class,subclass,versus time,,,,,,,,,
1085,http://purl.org/pan-science/PaNET/PaNET01085,characterize electronic excitations,,,,,owl:Class,subclass,characterize excitations,,,,,,,,,
1086,http://purl.org/pan-science/PaNET/PaNET01086,characterize magnetic excitations,,,,,owl:Class,subclass,characterize electronic excitations,,,,,,,,,
1087,http://purl.org/pan-science/PaNET/PaNET01087,characterize lattice excitations,,,,,owl:Class,subclass,characterize excitations,,,,,,,,,
1088,http://purl.org/pan-science/PaNET/PaNET01088,absorption contrast imaging,,,Absorption Contrast Imaging,,owl:Class,subclass,absorption technique,imaging,,,,,,,,
1089,http://purl.org/pan-science/PaNET/PaNET01089,angle resolved photoemission spectroscopy,ARPES,,Angle resolved photoemission spectroscopy,https://en.wikipedia.org/wiki/Angle-resolved_photoemission_spectroscopy,owl:Class,subclass,photoelectron emission,versus emission momentum,obtain electronic band structure,,,,,,,
1090,http://purl.org/pan-science/PaNET/PaNET01090,dichroism,,,Any technique that depends essentially on probe polarization,,owl:Class,subclass,versus polarization,photon probe,,,,,,,,
1091,http://purl.org/pan-science/PaNET/PaNET01091,dichroism spectroscopy,,,,,owl:Class,subclass,dichroism,spectroscopy,,,,,,,,
1092,http://purl.org/pan-science/PaNET/PaNET01092,emission spectroscopy,,,,,owl:Class,subclass,emission technique,versus emitted energy,,,,,,,,
1093,http://purl.org/pan-science/PaNET/PaNET01093,photoemission spectroscopy,,,,https://en.wikipedia.org/wiki/Photoemission_spectroscopy,owl:Class,subclass,emission spectroscopy,photoelectron emission,,,,,,,,
1094,http://purl.org/pan-science/PaNET/PaNET01094,fluorescence luminescence,,,,,owl:Class,subclass,visible photon emission technique,,,,,,,,,
1095,http://purl.org/pan-science/PaNET/PaNET01095,x-ray fluorescence spectroscopy,,,,,owl:Class,subclass,x-ray probe,x-ray emission technique,versus incident energy,,,,,,,
1096,http://purl.org/pan-science/PaNET/PaNET01096,fluorescence tomography,,,,,owl:Class,subclass,photon emission technique,tomography,,,,,,,,
1097,http://purl.org/pan-science/PaNET/PaNET01097,gamma spectroscopy,,,,https://en.wikipedia.org/wiki/Gamma_spectroscopy,owl:Class,subclass,gamma-ray emission technique,spectroscopy,,,,,,,,
1098,http://purl.org/pan-science/PaNET/PaNET01098,grazing incidence diffraction,,,,https://en.wikipedia.org/wiki/Grazing_incidence_diffraction,owl:Class,subclass,low surface momentum transfer scattering,,,,,,,,,
1099,http://purl.org/pan-science/PaNET/PaNET01099,grazing incidence small angle scattering,GISAS,grazing incidence SAS,,https://en.wikipedia.org/wiki/Grazing-incidence_small-angle_scattering,owl:Class,subclass,grazing incidence diffraction,small angle scattering,,,,,,,,
1100,http://purl.org/pan-science/PaNET/PaNET01100,neutron powder diffraction,NPD,,A neutron powder diffraction technique,,owl:Class,subclass,powder diffraction,neutron diffraction,,,,,,,,
1101,http://purl.org/pan-science/PaNET/PaNET01101,x-ray powder diffraction,XPD,,,,owl:Class,subclass,powder diffraction,x-ray probe,,,,,,,,
1102,http://purl.org/pan-science/PaNET/PaNET01102,x-ray single crystal diffraction,single crystal x-ray diffraction,SXRD,,,owl:Class,subclass,x-ray probe,single crystal diffraction,,,,,,,,
1103,http://purl.org/pan-science/PaNET/PaNET01103,hard x-ray photoelectron spectroscopy,HAXPES,hard photoelectron spectroscopy,,,owl:Class,subclass,hard x-ray probe,photoelectron spectroscopy,,,,,,,,
1104,http://purl.org/pan-science/PaNET/PaNET01104,high resolution photoelectron spectroscopy,,,,,owl:Class,subclass,spectroscopy,photoelectron emission,versus emitted energy,high energy resolution emission technique,,,,,,
1105,http://purl.org/pan-science/PaNET/PaNET01105,holography,,,,https://en.wikipedia.org/wiki/Holography,owl:Class,subclass,reference beam,imaging,,,,,,,,
1106,http://purl.org/pan-science/PaNET/PaNET01106,imaging,,,,,owl:Class,subclass,defined by functional dependence,,,,,obtain spatial map,,,,
1107,http://purl.org/pan-science/PaNET/PaNET01107,inelastic small angle scatteringng,inelastic SAS,,,,owl:Class,subclass,inelastic scattering,small angle scattering,,,,,,,,
1108,http://purl.org/pan-science/PaNET/PaNET01108,inelastic scattering spectroscopy,,,,,owl:Class,subclass,inelastic scattering,versus energy loss,,,,,,,,
1109,http://purl.org/pan-science/PaNET/PaNET01109,infrared spectroscopy,IR spectroscopy,,,https://en.wikipedia.org/wiki/Infrared_spectroscopy,owl:Class,subclass,IR photon probe,spectroscopy,,,,,,,,
1110,http://purl.org/pan-science/PaNET/PaNET01110,infrared microspectroscopy,,,,,owl:Class,subclass,infrared spectroscopy,microscopy,,,,,,,,
1111,http://purl.org/pan-science/PaNET/PaNET01111,luminescence,,,,https://en.wikipedia.org/wiki/Luminescence,owl:Class,subclass,visible photon emission technique,,,,,,,,,
1112,http://purl.org/pan-science/PaNET/PaNET01112,fluorescence imaging,,,,,owl:Class,subclass,photon emission technique,imaging,,,,,,,,
1113,http://purl.org/pan-science/PaNET/PaNET01113,fluorescence microscopy,microfluorescence,Micro XRF,,,owl:Class,subclass,fluorescence imaging,microscopy,,,,,,,,
1114,http://purl.org/pan-science/PaNET/PaNET01114,muon spectroscopy,,,,https://en.wikipedia.org/wiki/Muon_spin_spectroscopy,owl:Class,subclass,muon probe,muon spin resonance,versus time,obtain internal field,,,,,,
1115,http://purl.org/pan-science/PaNET/PaNET01115,optical spectroscopy,,,,,owl:Class,subclass,visible photon probe,versus energy,,,,,,,,
1116,http://purl.org/pan-science/PaNET/PaNET01116,phase contrast imaging,,,,https://en.wikipedia.org/wiki/Phase-contrast_imaging,owl:Class,subclass,refraction technique,imaging,,,,,,,,
1117,http://purl.org/pan-science/PaNET/PaNET01117,photon correlation spectroscopy,PCS,,,https://en.wikipedia.org/wiki/Dynamic_light_scattering,owl:Class,subclass,coherent diffraction,versus momentum transfer,versus time,,,,,,,
1118,http://purl.org/pan-science/PaNET/PaNET01118,polarised reflectivity,,,,,owl:Class,subclass,reflection technique,versus momentum transfer,versus polarization,,,,,,,
1119,http://purl.org/pan-science/PaNET/PaNET01119,spin echo  scattering,,,,,owl:Class,subclass,neutron probe,spin echo technique,,,,,,,,
1120,http://purl.org/pan-science/PaNET/PaNET01120,quasielastic neutron spin echo scattering,quasi elastic spin echo,quasielastic spin echo,,,owl:Class,subclass,spin echo  scattering,quasielastic scattering,,,,,,,,
1121,http://purl.org/pan-science/PaNET/PaNET01121,reflectometry,reflectivity,,,https://en.wikipedia.org/wiki/Reflectometry,owl:Class,subclass,reflection technique,versus momentum transfer,,,,,,,,
1122,http://purl.org/pan-science/PaNET/PaNET01122,resonant diffraction,anomalous scattering,anomalous diffraction,,,owl:Class,subclass,diffraction,atomic core excitation,resonant scattering,,,,,,,
1123,http://purl.org/pan-science/PaNET/PaNET01123,scanning transmission microscopy,STM,,,,owl:Class,subclass,absorption technique,versus position,scanning probe,microscopy,,,,,,
1124,http://purl.org/pan-science/PaNET/PaNET01124,small angle scattering,SAS,small angle diffraction,,https://en.wikipedia.org/wiki/Small-angle_scattering,owl:Class,subclass,low momentum transfer scattering,diffraction,,,,,,,,
1125,http://purl.org/pan-science/PaNET/PaNET01125,spectroscopy,,,,https://en.wikipedia.org/wiki/Spectroscopy,owl:Class,subclass,defined by functional dependence,,,,,versus energy,,,,
1126,http://purl.org/pan-science/PaNET/PaNET01126,spin echo resolved grazing incidence scattering,,,,,owl:Class,subclass,spin echo  scattering,low surface momentum transfer scattering,,,,,,,,
1127,http://purl.org/pan-science/PaNET/PaNET01127,spin echo small angle scattering,spin echo SANS,,,,owl:Class,subclass,spin echo  scattering,small angle scattering,,,,,,,,
1128,http://purl.org/pan-science/PaNET/PaNET01128,surface diffraction,,,,,owl:Class,subclass,atomic scale diffraction 2D surface or film,,,,,,,,,
1129,http://purl.org/pan-science/PaNET/PaNET01129,tomography,,,,https://en.wikipedia.org/wiki/Tomography,owl:Class,subclass,obtain 3D spatial map,,,,,,,,,
1130,http://purl.org/pan-science/PaNET/PaNET01130,UV VUV spectroscopy,,,,,owl:Class,subclass,UV photon probe,spectroscopy,,,,,,,,
1131,http://purl.org/pan-science/PaNET/PaNET01131,UV and visible circular dichroism spectroscopy,,,,,owl:Class,subclass,UV visible photon probe,dichroism spectroscopy,,,,,,,,
1132,http://purl.org/pan-science/PaNET/PaNET01132,UV circular dichroism,UVCD,,,,owl:Class,subclass,circular dichroism,UV photon probe,,,,,,,,
1133,http://purl.org/pan-science/PaNET/PaNET01133,ultra small angle scattering,USAS,,,,owl:Class,subclass,ultra low momentum transfer scattering,small angle scattering,,,,,,,,
1134,http://purl.org/pan-science/PaNET/PaNET01134,wide angle scattering,,,,,owl:Class,subclass,high momentum transfer scattering,,,,,,,,,
1135,http://purl.org/pan-science/PaNET/PaNET01135,absorption spectroscopy,,,,,owl:Class,subclass,absorption technique,spectroscopy,,,,,,,,
1136,http://purl.org/pan-science/PaNET/PaNET01136,diffraction imaging,topography,,,,owl:Class,subclass,diffraction,imaging,,,,,,,,
1137,http://purl.org/pan-science/PaNET/PaNET01137,x-ray magnetic circular dichroism,XMCD,,,https://en.wikipedia.org/wiki/X-ray_magnetic_circular_dichroism,owl:Class,subclass,x-ray probe,versus photon circular polarization,absorption technique,magnetism technique,dichroism,,,,,
1138,http://purl.org/pan-science/PaNET/PaNET01138,linear dichroism,LD,,,https://en.wikipedia.org/wiki/Linear_dichroism,owl:Class,subclass,absorption technique,versus photon linear polarization,dichroism,,,,,,,
1139,http://purl.org/pan-science/PaNET/PaNET01139,natural linear dichroism,,,,,owl:Class,subclass,linear dichroism,,,,,,,,,
1140,http://purl.org/pan-science/PaNET/PaNET01140,x-ray excited optical luminescence,XEOL,,,,owl:Class,subclass,x-ray probe,visible photon emission technique,,,,,,,,
1141,http://purl.org/pan-science/PaNET/PaNET01141,magnetic circular dichroism,MCD,,,https://en.wikipedia.org/wiki/Magnetic_circular_dichroism,owl:Class,subclass,photon probe,versus photon circular polarization,magnetism technique,absorption technique,dichroism,,,,,
1142,http://purl.org/pan-science/PaNET/PaNET01142,magnetic linear dichroism,,,,,owl:Class,subclass,photon probe,versus photon linear polarization,magnetism technique,absorption technique,,,,,,
1143,http://purl.org/pan-science/PaNET/PaNET01143,magnetochiral dichroism,MChD,,,,owl:Class,subclass,photon probe,versus polarization,chiral determination,magnetism technique,dichroism,,,,,
1144,http://purl.org/pan-science/PaNET/PaNET01144,natural circular dichroism,NCD,,,,owl:Class,subclass,photon probe,versus photon circular polarization,chiral determination,dichroism,,,,,,
1145,http://purl.org/pan-science/PaNET/PaNET01145,electron microscopy,EM,,,https://en.wikipedia.org/wiki/Electron_microscope,owl:Class,subclass,electron emission technique,microscopy,,,,,,,,
1146,http://purl.org/pan-science/PaNET/PaNET01146,photoemission microscopy,PEEM,photoemission electron microscopy,,https://en.wikipedia.org/wiki/Photoemission_electron_microscopy,owl:Class,subclass,photon probe,electron microscopy,,,,,,,,
1147,http://purl.org/pan-science/PaNET/PaNET01147,scanning probe imaging,,,,,owl:Class,subclass,versus position,scanning probe,imaging,,,,,,,
1148,http://purl.org/pan-science/PaNET/PaNET01148,scanning probe microscopy,scanning microscopy,,,,owl:Class,subclass,scanning probe imaging,microscopy,,,,,,,,
1149,http://purl.org/pan-science/PaNET/PaNET01149,x-ray reflectivity,XRR,x-ray reflectometry,,https://en.wikipedia.org/wiki/X-ray_reflectivity,owl:Class,subclass,x-ray probe,reflection technique,versus momentum transfer,,,,,,,
1150,http://purl.org/pan-science/PaNET/PaNET01150,grating interferometry,,,,,owl:Class,subclass,interferometry technique,refraction technique,propagation technique,,,,,,,
1151,http://purl.org/pan-science/PaNET/PaNET01151,absorption tomography,,,,,owl:Class,subclass,tomography,absorption technique,,,,,,,,
1152,http://purl.org/pan-science/PaNET/PaNET01152,propagation phase contrast tomography,,,,,owl:Class,subclass,propagation technique,tomography,refraction technique,,,,,,,
1153,http://purl.org/pan-science/PaNET/PaNET01153,ultrafast tomography,,,,,owl:Class,subclass,tomography,versus time ultrafast,,,,,,,,
1154,http://purl.org/pan-science/PaNET/PaNET01154,nanotomography,,,,https://en.wikipedia.org/wiki/Nanotomography,owl:Class,subclass,tomography,obtain ultrahigh resolution spatial map,,,,,,,,
1155,http://purl.org/pan-science/PaNET/PaNET01155,absorption and phase contrast nanotomography,,,,,owl:Class,subclass,nanotomography,absorption technique,refraction technique,,,,,,,
1156,http://purl.org/pan-science/PaNET/PaNET01156,x-ray spectroscopy,,,,https://en.wikipedia.org/wiki/X-ray_spectroscopy,owl:Class,equivalent,spectroscopy,x-ray probe,,,,,,,,
1157,http://purl.org/pan-science/PaNET/PaNET01157,in-situ diffraction,,,,,owl:Class,subclass,diffraction,,,,,,,,,
1158,http://purl.org/pan-science/PaNET/PaNET01158,in-situ surface diffraction,,,,,owl:Class,subclass,surface diffraction,in-situ diffraction,,,,,,,,
1159,http://purl.org/pan-science/PaNET/PaNET01159,energy dispersive diffraction,EDD,,,,owl:Class,subclass,powder diffraction,dispersive technique,,,,,,,,
1160,http://purl.org/pan-science/PaNET/PaNET01160,energy dispersive x-ray diffraction,EDXRD,,,https://en.wikipedia.org/wiki/Energy-dispersive_X-ray_diffraction,owl:Class,subclass,energy dispersive diffraction,x-ray probe,,,,,,,,
1161,http://purl.org/pan-science/PaNET/PaNET01161,grazing incidence x-ray diffraction,GIXD,,,,owl:Class,subclass,grazing incidence diffraction,x-ray probe,,,,,,,,
1162,http://purl.org/pan-science/PaNET/PaNET01162,grazing incidence small angle x-ray scattering,GISAXS,,,https://en.wikipedia.org/wiki/Grazing-incidence_small-angle_scattering,owl:Class,subclass,grazing incidence small angle scattering,small angle x-ray scattering,,,,,,,,
1163,http://purl.org/pan-science/PaNET/PaNET01163,high pressure single crystal diffraction,Diffraction,,,,owl:Class,subclass,single crystal diffraction,versus sample pressure,,,,,,,,
1164,http://purl.org/pan-science/PaNET/PaNET01164,macromolecular crystallography,MX,protein crystallography,,,owl:Class,subclass,single crystal diffraction,crystallography,,,,,,,,
1165,http://purl.org/pan-science/PaNET/PaNET01165,multi wavelength anomalous diffraction,MAD,multi wavelength anomalous dispersion,,https://en.wikipedia.org/wiki/Multi-wavelength_anomalous_dispersion,owl:Class,subclass,macromolecular crystallography,versus energy,atomic core excitation,x-ray probe,,,,,,
1166,http://purl.org/pan-science/PaNET/PaNET01166,photo crystallography,,,,,owl:Class,subclass,single crystal diffraction,photo excitation,crystallography,,,,,,,
1167,http://purl.org/pan-science/PaNET/PaNET01167,photoelectron diffraction,PhD,,,,owl:Class,subclass,electron emission technique,coherent emission technique,x-ray probe,,,,,,,
1168,http://purl.org/pan-science/PaNET/PaNET01168,serial femtosecond crystallography,SFX,,,https://en.wikipedia.org/wiki/Serial_femtosecond_crystallography,owl:Class,subclass,x-ray single crystal diffraction,ultrafast probe,crystallography,single shot technique,,,,,,
1169,http://purl.org/pan-science/PaNET/PaNET01169,serial synchrotron crystallography,SSX,,,,owl:Class,subclass,x-ray single crystal diffraction,pulsed probe,crystallography,single shot technique,,,,,,
1170,http://purl.org/pan-science/PaNET/PaNET01170,single wavelength anomalous diffraction,SAD,single wavelength anomalous dispersion,,https://en.wikipedia.org/wiki/Single-wavelength_anomalous_dispersion,owl:Class,subclass,macromolecular crystallography,atomic core excitation,,,,,,,,
1171,http://purl.org/pan-science/PaNET/PaNET01171,small molecule diffraction,small molecule crystallography,chemical crystallography,,,owl:Class,subclass,single crystal diffraction,,,,,,,,,
1172,http://purl.org/pan-science/PaNET/PaNET01172,surface x-ray diffraction,,,,,owl:Class,subclass,surface diffraction,x-ray probe,,,,,,,,
1173,http://purl.org/pan-science/PaNET/PaNET01173,x-ray standing wave,XSW,,,https://en.wikipedia.org/wiki/X-ray_standing_waves,owl:Class,subclass,diffraction,absorption technique,x-ray probe,obtain atomic structure,,,,,,
1174,http://purl.org/pan-science/PaNET/PaNET01174,coherent diffraction imaging,CDI,coherent diffractive imaging,,https://en.wikipedia.org/wiki/Coherent_diffraction_imaging,owl:Class,subclass,coherent diffraction,imaging,,,,,,,,
1175,http://purl.org/pan-science/PaNET/PaNET01175,infrared nanospectroscopy imaging,nano infrared spectroscopy,,,,owl:Class,subclass,IR photon probe,spectroscopy,obtain ultrahigh resolution spatial map,,,,,,,
1176,http://purl.org/pan-science/PaNET/PaNET01176,UV circular dichroism imaging,,,,,owl:Class,subclass,natural circular dichroism,UV photon probe,obtain spatial map,,,,,,,
1177,http://purl.org/pan-science/PaNET/PaNET01177,x-ray fluorescence,XRF,,,https://en.wikipedia.org/wiki/X-ray_fluorescence,owl:Class,subclass,x-ray emission technique,,,,,,,,,
1178,http://purl.org/pan-science/PaNET/PaNET01178,infrared microscopy,IR microscopy,,,https://en.wikipedia.org/wiki/Microscopy#Infrared_microscopy,owl:Class,subclass,IR photon probe,microscopy,,,,,,,,
1179,http://purl.org/pan-science/PaNET/PaNET01179,optical microscopy,,,,https://en.wikipedia.org/wiki/Optical_microscope,owl:Class,subclass,visible photon probe,microscopy,,,,,,,,
1180,http://purl.org/pan-science/PaNET/PaNET01180,x-ray microscopy,,,,https://en.wikipedia.org/wiki/X-ray_microscope,owl:Class,subclass,x-ray probe,microscopy,,,,,,,,
1181,http://purl.org/pan-science/PaNET/PaNET01181,pair distribution function,PDF,,,https://en.wikipedia.org/wiki/Pair_distribution_function,owl:Class,subclass,diffraction,obtain local coordination,,,,,,,,
1182,http://purl.org/pan-science/PaNET/PaNET01182,inelastic x-ray scattering,IXS,,,https://en.wikipedia.org/wiki/X-ray_scattering_techniques#Inelastic_X-ray_scattering_(IXS),owl:Class,subclass,inelastic scattering,x-ray probe,,,,,,,,
1183,http://purl.org/pan-science/PaNET/PaNET01183,resonant inelastic x-ray scattering,RIXS,,,https://en.wikipedia.org/wiki/Resonant_inelastic_X-ray_scattering,owl:Class,subclass,inelastic x-ray scattering,atomic core excitation,resonant scattering,,,,,,,
1184,http://purl.org/pan-science/PaNET/PaNET01184,x-ray scattering,,,,,owl:Class,subclass,scattering technique,x-ray probe,,,,,,,,
1185,http://purl.org/pan-science/PaNET/PaNET01185,light scattering,,,,,owl:Class,subclass,scattering technique,visible photon probe,,,,,,,,
1186,http://purl.org/pan-science/PaNET/PaNET01186,resonant x-ray scattering,RXS,,,,owl:Class,subclass,x-ray scattering,atomic core excitation,resonant scattering,,,,,,,
1187,http://purl.org/pan-science/PaNET/PaNET01187,resonant soft x-ray scattering,RSXS,,,,owl:Class,subclass,soft x-ray probe,resonant x-ray scattering,resonant scattering,,,,,,,
1188,http://purl.org/pan-science/PaNET/PaNET01188,small angle x-ray scattering,SAXS,,,https://en.wikipedia.org/wiki/Small-angle_X-ray_scattering,owl:Class,subclass,small angle scattering,x-ray probe,,,,,,,,
1189,http://purl.org/pan-science/PaNET/PaNET01189,small angle neutron scattering,SANS,,,https://en.wikipedia.org/wiki/Small-angle_neutron_scattering,owl:Class,subclass,small angle scattering,neutron diffraction,,,,,,,,
1190,http://purl.org/pan-science/PaNET/PaNET01190,total scattering,,,,,owl:Class,subclass,atomic scale diffraction,pair distribution function,,,,,,,,
1191,http://purl.org/pan-science/PaNET/PaNET01191,wide angle x-ray scattering,WAXS,,,,owl:Class,subclass,high momentum transfer scattering,x-ray probe,atomic scale diffraction,,,,,,,
1192,http://purl.org/pan-science/PaNET/PaNET01192,circular dichroism,CD,,,https://en.wikipedia.org/wiki/Circular_dichroism,owl:Class,subclass,versus photon circular polarization,dichroism,,,,,,,,
1193,http://purl.org/pan-science/PaNET/PaNET01193,energy dispersive x-ray spectroscopy,EDX,,,https://en.wikipedia.org/wiki/Energy-dispersive_X-ray_spectroscopy,owl:Class,subclass,dispersive technique,x-ray probe,spectroscopy,atomic core excitation,,,,,,
1194,http://purl.org/pan-science/PaNET/PaNET01194,microfocus spectroscopy,,,,,owl:Class,subclass,microfocussed probe,spectroscopy,,,,,,,,
1195,http://purl.org/pan-science/PaNET/PaNET01195,raman spectroscopy,,,,https://en.wikipedia.org/wiki/Raman_spectroscopy,owl:Class,subclass,inelastic scattering,photon probe,,,,,,,,
1196,http://purl.org/pan-science/PaNET/PaNET01196,x-ray absorption spectroscopy,XAS,,,https://en.wikipedia.org/wiki/X-ray_absorption_spectroscopy,owl:Class,subclass,absorption spectroscopy,x-ray probe,atomic core excitation,,,,,,,
1197,http://purl.org/pan-science/PaNET/PaNET01197,x-ray absorption fine structure,XAFS,,,https://en.wikipedia.org/wiki/X-ray_absorption_fine_structure,owl:Class,subclass,x-ray absorption spectroscopy,atomic core excitation,,,,,,,,
1198,http://purl.org/pan-science/PaNET/PaNET01198,extended x-ray absorption fine structure,EXAFS,,,https://en.wikipedia.org/wiki/Extended_X-ray_absorption_fine_structure,owl:Class,subclass,x-ray absorption fine structure,obtain local coordination,,,,,,,,
1199,http://purl.org/pan-science/PaNET/PaNET01199,x-ray absorption near edge structure,XANES,NEXAFS,,https://en.wikipedia.org/wiki/X-ray_absorption_near_edge_structure,owl:Class,subclass,x-ray absorption fine structure,obtain electronic ground state properties,,,,,,,,
1200,http://purl.org/pan-science/PaNET/PaNET01200,x-ray emission spectroscopy,XES,,,https://en.wikipedia.org/wiki/X-ray_emission_spectroscopy,owl:Class,subclass,inelastic scattering,x-ray probe,photon emission technique,spectroscopy,,,,,,
1201,http://purl.org/pan-science/PaNET/PaNET01201,electron spectroscopy,,,,https://en.wikipedia.org/wiki/Electron_spectroscopy,owl:Class,subclass,electron emission technique,spectroscopy,,,,,,,,
1202,http://purl.org/pan-science/PaNET/PaNET01202,photoelectron spectroscopy,PES,,,https://en.wikipedia.org/wiki/Photoemission_spectroscopy,owl:Class,subclass,electron spectroscopy,photon probe,obtain electronic density of occupied states,,,,,,,
1203,http://purl.org/pan-science/PaNET/PaNET01203,spin resolved photoelectron spectroscopy,,,,,owl:Class,subclass,photoelectron spectroscopy,versus emitted polarization,,,,,,,,
1204,http://purl.org/pan-science/PaNET/PaNET01204,x-ray photoelectron spectroscopy,XPS,,,https://en.wikipedia.org/wiki/X-ray_photoelectron_spectroscopy,owl:Class,subclass,x-ray probe,photoelectron spectroscopy,,,,,,,,
1205,http://purl.org/pan-science/PaNET/PaNET01205,x-ray photon correlation spectroscopy,XPCS,,,https://en.wikipedia.org/wiki/X-ray_Photon_Correlation_Spectroscopy,owl:Class,subclass,x-ray probe,photon correlation spectroscopy,,,,,,,,
1206,http://purl.org/pan-science/PaNET/PaNET01206,microtomography,,,,,owl:Class,subclass,tomography,obtain high resolution spatial map,,,,,,,,
1207,http://purl.org/pan-science/PaNET/PaNET01207,x-ray tomography,CT scan,,,https://en.wikipedia.org/wiki/CT_scan,owl:Class,subclass,tomography,x-ray probe,,,,,,,,
1208,http://purl.org/pan-science/PaNET/PaNET01208,x-ray microtomography,,,,https://en.wikipedia.org/wiki/Talk:X-ray_microtomography,owl:Class,subclass,microtomography,x-ray probe,,,,,,,,
1209,http://purl.org/pan-science/PaNET/PaNET01209,absorption microtomography,Absorption-based tomographic microscopy,,,,owl:Class,subclass,microtomography,absorption technique,,,,,,,,
1210,http://purl.org/pan-science/PaNET/PaNET01210,propagation phase contrast microtomography,,,,,owl:Class,subclass,propagation phase contrast tomography,microscopy,,,,,,,,
1211,http://purl.org/pan-science/PaNET/PaNET01211,ultrafast microtomography,Ultra-fast tomographic microscopy,,,,owl:Class,subclass,ultrafast tomography,obtain high resolution spatial map,,,,,,,,
1212,http://purl.org/pan-science/PaNET/PaNET01212,ptychography,,,,https://en.wikipedia.org/wiki/Ptychography,owl:Class,subclass,coherent diffraction imaging,scanning probe,,,,,,,,
1213,http://purl.org/pan-science/PaNET/PaNET01213,ptychographic nanotomography,,,,,owl:Class,subclass,ptychography,nanotomography,,,,,,,,
1214,http://purl.org/pan-science/PaNET/PaNET01214,instrumentation testing,,,,,owl:Class,subclass,testing,,,,,,,,,
1215,http://purl.org/pan-science/PaNET/PaNET01215,optics characterization,,,,,owl:Class,subclass,instrumentation testing,,,,,,,,,
1216,http://purl.org/pan-science/PaNET/PaNET01216,x-ray diffraction,XRD,,,,owl:Class,subclass,diffraction,x-ray probe,,,,,,,,
1217,http://purl.org/pan-science/PaNET/PaNET01217,neutron diffraction,,,,https://en.wikipedia.org/wiki/Neutron_diffraction,owl:Class,subclass,diffraction,neutron probe,,,,,,,,
1218,http://purl.org/pan-science/PaNET/PaNET01218,ambient pressure x-ray photoelectron spectroscopy,,,,,owl:Class,subclass,x-ray photoelectron spectroscopy,,,,,,,,,
1219,http://purl.org/pan-science/PaNET/PaNET01219,scanning transmission x-ray microscopy,STXM,,,https://en.wikipedia.org/wiki/Scanning_transmission_X-ray_microscopy,owl:Class,subclass,scanning transmission microscopy,x-ray probe,,,,,,,,
1220,http://purl.org/pan-science/PaNET/PaNET01220,total electron yield,TEY,,,,owl:Class,subclass,electron emission technique,,,,,,,,,
1221,http://purl.org/pan-science/PaNET/PaNET01221,XMCD total electron yield,XMCD TEY,,,,owl:Class,subclass,x-ray magnetic circular dichroism,total electron yield,,,,,,,,
1222,http://purl.org/pan-science/PaNET/PaNET01222,spin and angle resolved photoemission spectroscopy,,,,,owl:Class,subclass,angle resolved photoemission spectroscopy,versus emitted polarization,,,,,,,,
1223,http://purl.org/pan-science/PaNET/PaNET01223,lithography,,,,https://en.wikipedia.org/wiki/Lithography,owl:Class,subclass,manufacturing technique,,,,,,,,,
1224,http://purl.org/pan-science/PaNET/PaNET01224,x-ray lithography,,,,https://en.wikipedia.org/wiki/X-ray_lithography,owl:Class,subclass,x-ray probe,lithography,,,,,,,,
1225,http://purl.org/pan-science/PaNET/PaNET01225,EUV lithography,,,,,owl:Class,subclass,EUV photon probe,lithography,,,,,,,,
1226,http://purl.org/pan-science/PaNET/PaNET01226,x-ray interference lithography,,,,,owl:Class,subclass,interferometry technique,,,,,,,,,
1227,http://purl.org/pan-science/PaNET/PaNET01227,x-ray absorption,,,,,owl:Class,subclass,absorption technique,x-ray probe,,,,,,,,
1228,http://purl.org/pan-science/PaNET/PaNET01228,nonresonant diffraction,,,,,owl:Class,subclass,diffraction,,,,,,,,,
1229,http://purl.org/pan-science/PaNET/PaNET01229,nonlinear x-ray spectroscopy,,,,,owl:Class,subclass,nonlinear interaction,x-ray spectroscopy,,,,,,,,
1230,http://purl.org/pan-science/PaNET/PaNET01230,single-shot imaging,,,,,owl:Class,subclass,single shot technique,imaging,,,,,,,,
1231,http://purl.org/pan-science/PaNET/PaNET01231,nanoimprint lithography,,,,https://en.wikipedia.org/wiki/Nanoimprint_lithography,owl:Class,subclass,lithography,,,,,,,,,
1232,http://purl.org/pan-science/PaNET/PaNET01232,grayscale lithography,,,,,owl:Class,subclass,lithography,,,,,,,,,
1233,http://purl.org/pan-science/PaNET/PaNET01233,polymer micro and nanografting,,,,,owl:Class,subclass,manufacturing technique,,,,,,,,,
1234,http://purl.org/pan-science/PaNET/PaNET01234,high resolution neutron powder diffraction,,,,,owl:Class,subclass,neutron powder diffraction,high momentum transfer resolution scattering,,,,,,,,
1235,http://purl.org/pan-science/PaNET/PaNET01235,high resolution thermal neutron powder diffraction,,,,,owl:Class,subclass,high resolution neutron powder diffraction,thermal neutron probe,,,,,,,,
1236,http://purl.org/pan-science/PaNET/PaNET01236,neutron single crystal diffraction,,,,,owl:Class,subclass,single crystal diffraction,neutron probe,,,,,,,,
1237,http://purl.org/pan-science/PaNET/PaNET01237,thermal neutron single crystal diffraction,,,,,owl:Class,subclass,neutron single crystal diffraction,thermal neutron probe,,,,,,,,
1238,http://purl.org/pan-science/PaNET/PaNET01238,pulse overlap diffraction,,,,,owl:Class,subclass,x-ray photon correlation spectroscopy,ultrafast probe,,,,,,,,
1239,http://purl.org/pan-science/PaNET/PaNET01239,neutron reflectometry,neutron reflectivity,,,https://en.wikipedia.org/wiki/Neutron_reflectometry,owl:Class,subclass,reflectometry,neutron probe,,,,,,,,
1240,http://purl.org/pan-science/PaNET/PaNET01240,ultra small angle neutron scattering,,,,,owl:Class,subclass,ultra small angle scattering,neutron probe,,,,,,,,
1241,http://purl.org/pan-science/PaNET/PaNET01241,ultra small angle x-ray scattering,USAXS,,,,owl:Class,subclass,ultra small angle scattering,x-ray probe,,,,,,,,
1242,http://purl.org/pan-science/PaNET/PaNET01242,neutron scattering,,,,https://en.wikipedia.org/wiki/Neutron_scattering,owl:Class,subclass,scattering technique,neutron probe,,,,,,,,
1243,http://purl.org/pan-science/PaNET/PaNET01243,polarized neutron reflectometry,polarized neutron reflectivity,,,,owl:Class,subclass,neutron reflectometry,versus polarization,,,,,,,,
1244,http://purl.org/pan-science/PaNET/PaNET01244,time-of-flight spectrometry,TOF spectrometry,TOF spectroscopy,,,owl:Class,subclass,spectroscopy,neutron time of flight technique,,,,,,,,
1245,http://purl.org/pan-science/PaNET/PaNET01245,inelastic neutron spectroscopy,inelastic neutron scattering spectroscopy,inelastic neutron scattering,,Neutron spectroscopy - Wikipedia,owl:Class,subclass,inelastic scattering,neutron probe,spectroscopy,,,,,,,
1246,http://purl.org/pan-science/PaNET/PaNET01246,cold neutron spectroscopy,,,,,owl:Class,subclass,inelastic neutron spectroscopy,cold neutron probe,,,,,,,,
1247,http://purl.org/pan-science/PaNET/PaNET01247,thermal neutron spectroscopy,,,,,owl:Class,subclass,inelastic neutron spectroscopy,thermal neutron probe,,,,,,,,
1248,http://purl.org/pan-science/PaNET/PaNET01248,neutron transmission radiography,,,,,owl:Class,subclass,neutron probe,absorption technique,imaging,,,,,,,
1249,http://purl.org/pan-science/PaNET/PaNET01249,cold neutron imaging,,,,,owl:Class,subclass,imaging,cold neutron probe,,,,,,,,
1250,http://purl.org/pan-science/PaNET/PaNET01250,high-resolution neutron imaging ,,,,,owl:Class,subclass,imaging,obtain high resolution spatial map,neutron probe,,,,,,,
1251,http://purl.org/pan-science/PaNET/PaNET01251,THz near field microscopy,,,,,owl:Class,subclass,THz photon probe,microscopy,scanning probe,,,,,,,
1252,http://purl.org/pan-science/PaNET/PaNET01252,magnetic scattering,,,,,owl:Class,subclass,scattering technique,magnetism technique,,,,,,,,
1253,http://purl.org/pan-science/PaNET/PaNET01253,magnetic diffraction,,,,,owl:Class,subclass,diffraction,magnetism technique,,,,,,,,
1254,http://purl.org/pan-science/PaNET/PaNET01254,microfocus x-ray fluorescence,,,,,owl:Class,subclass,microfocussed probe,x-ray emission technique,,,,,,,,
1255,http://purl.org/pan-science/PaNET/PaNET01255,ellipsometry,,,,https://en.wikipedia.org/wiki/Ellipsometry,owl:Class,subclass,versus emitted polarization,reflection technique,photon probe,,,,,,,
1256,http://purl.org/pan-science/PaNET/PaNET01256,polarimetry,,,,,owl:Class,subclass,versus emitted polarization,,,,,,,,,
1257,http://purl.org/pan-science/PaNET/PaNET01257,UV photoelectron emission,,,,,owl:Class,subclass,UV photon probe,photoelectron emission,,,,,,,,
1258,http://purl.org/pan-science/PaNET/PaNET01258,x-ray photoelectron emission,,,,,owl:Class,subclass,x-ray probe,photoelectron emission,,,,,,,,
1259,http://purl.org/pan-science/PaNET/PaNET01259,x-ray magnetic linear dichroism,XMLD,,,,owl:Class,subclass,x-ray probe,magnetic linear dichroism,,,,,,,,
1260,http://purl.org/pan-science/PaNET/PaNET01260,resonant elastic x-ray scattering,REXS,,,,owl:Class,subclass,resonant x-ray scattering,elastic scattering,resonant scattering,,,,,,,
1261,http://purl.org/pan-science/PaNET/PaNET01261,x-ray refraction imaging,x-ray refraction radiography,,,,owl:Class,subclass,x-ray probe,refraction technique,imaging,,,,,,,
1262,http://purl.org/pan-science/PaNET/PaNET01262,x-ray refraction tomography,,,,,owl:Class,subclass,x-ray probe,propagation phase contrast tomography,,,,,,,,
1263,http://purl.org/pan-science/PaNET/PaNET01263,time dependent scattering,time resolved scattering,,,,owl:Class,subclass,time dependent study,scattering technique,,,,,,,,
1264,http://purl.org/pan-science/PaNET/PaNET01264,time dependent diffraction,time resolved diffraction,,,,owl:Class,subclass,time dependent scattering,diffraction,,,,,,,,
1265,http://purl.org/pan-science/PaNET/PaNET01265,time dependent absorption,time resolved absorption,,,,owl:Class,subclass,time dependent study,absorption technique,,,,,,,,
1266,http://purl.org/pan-science/PaNET/PaNET01266,x-ray holography,,,,,owl:Class,subclass,holography,x-ray probe,,,,,,,,
1267,http://purl.org/pan-science/PaNET/PaNET01267,ion imaging,,,,,owl:Class,subclass,ion emission technique,photon probe,versus emission momentum,,,,,,,
1268,http://purl.org/pan-science/PaNET/PaNET01268,mass spectrometry,,,,https://en.wikipedia.org/wiki/Mass_spectrometry,owl:Class,subclass,versus emission mass,,,,,,,,,
1269,http://purl.org/pan-science/PaNET/PaNET01269,photoelectron emission,,,,https://en.wikipedia.org/wiki/Photoelectric_effect,owl:Class,subclass,photon probe,electron emission technique,,,,,,,,
1270,http://purl.org/pan-science/PaNET/PaNET01270,nuclear resonant scattering,,,,,owl:Class,subclass,nuclear resonance,resonant scattering,,,,,,,,
1271,http://purl.org/pan-science/PaNET/PaNET01271,microfocus x-ray scattering,,,,,owl:Class,subclass,x-ray scattering,microfocussed probe,,,,,,,,
1272,http://purl.org/pan-science/PaNET/PaNET01272,nanofocus x-ray scattering,,,,,owl:Class,subclass,microfocus x-ray scattering,nanofocussed probe,,,,,,,,
1273,http://purl.org/pan-science/PaNET/PaNET01273,small angle inelastic scattering,,,,,owl:Class,subclass,inelastic scattering,small angle scattering,,,,,,,,
1274,http://purl.org/pan-science/PaNET/PaNET01274,anomalous small angle x-ray scattering,ASAXS,,,,owl:Class,subclass,resonant diffraction,small angle scattering,x-ray probe,,,,,,,
1275,http://purl.org/pan-science/PaNET/PaNET01275,anomalous solution x-ray scattering,ASAX,,,,owl:Class,subclass,anomalous small angle x-ray scattering,,,,,,,,,
1276,http://purl.org/pan-science/PaNET/PaNET01276,grazing incidence small angle neutron scattering,GISANS,,,https://en.wikipedia.org/wiki/Grazing-incidence_small-angle_scattering,owl:Class,subclass,grazing incidence small angle scattering,small angle neutron scattering,,,,,,,,
1277,http://purl.org/pan-science/PaNET/PaNET01277,time of flight small angle neutron scattering,,,,,owl:Class,subclass,small angle neutron scattering,time of flight technique,,,,,,,,
1278,http://purl.org/pan-science/PaNET/PaNET01278,very small angle neutron scattering,VSANS,,,,owl:Class,subclass,small angle neutron scattering,ultra small angle scattering,,,,,,,,
1279,http://purl.org/pan-science/PaNET/PaNET01279,diffuse small angle scattering,,,,,owl:Class,subclass,small angle scattering,diffuse scattering,,,,,,,,
1280,http://purl.org/pan-science/PaNET/PaNET01280,diffuse small angle x-ray scattering,,,,,owl:Class,subclass,diffuse small angle scattering,x-ray probe,,,,,,,,
1281,http://purl.org/pan-science/PaNET/PaNET01281,inelastic x-ray small angle scattering,,,,,owl:Class,subclass,small angle x-ray scattering,inelastic x-ray scattering,small angle inelastic scattering,,,,,,,
1282,http://purl.org/pan-science/PaNET/PaNET01282,soft x-ray small angle scattering,,,,,owl:Class,subclass,small angle x-ray scattering,soft x-ray probe,,,,,,,,
1283,http://purl.org/pan-science/PaNET/PaNET01283,soft x-ray diffraction,,,,,owl:Class,subclass,soft x-ray probe,diffraction,,,,,,,,
1284,http://purl.org/pan-science/PaNET/PaNET01284,x-ray photoelectron diffraction,,,,,owl:Class,subclass,photoelectron diffraction,x-ray probe,,,,,,,,
1285,http://purl.org/pan-science/PaNET/PaNET01285,x-ray imaging,,,,https://en.wikipedia.org/wiki/Radiography,owl:Class,subclass,imaging,x-ray probe,,,,,,,,
1286,http://purl.org/pan-science/PaNET/PaNET01286,micro small angle x-ray scattering tomography,micro SAXS tomography,,,,owl:Class,subclass,microtomography,grazing incidence small angle x-ray scattering,,,,,,,,
1287,http://purl.org/pan-science/PaNET/PaNET01287,micro grazing incidence small angle x-ray scattering tomography,micro GISAXS tomography,,,,owl:Class,subclass,micro small angle x-ray scattering tomography,grazing incidence small angle x-ray scattering,,,,,,,,
1288,http://purl.org/pan-science/PaNET/PaNET01288,scanning x-ray fluorescence,,,,,owl:Class,subclass,x-ray fluorescence,scanning probe imaging,,,,,,,,
1289,http://purl.org/pan-science/PaNET/PaNET01289,soft x-ray imaging,,,,,owl:Class,subclass,x-ray imaging,x-ray probe,,,,,,,,
1290,http://purl.org/pan-science/PaNET/PaNET01290,x-ray diffraction imaging,,,,,owl:Class,subclass,diffraction imaging,x-ray probe,,,,,,,,
1291,http://purl.org/pan-science/PaNET/PaNET01291,scanning angle resolved photoemission spectromicroscopy,,,,,owl:Class,subclass,angle resolved photoemission spectroscopy,scanning probe microscopy,,,,,,,,
1292,http://purl.org/pan-science/PaNET/PaNET01292,nano angle resolved photoemission spectroscopy,nano ARPES,,,,owl:Class,subclass,scanning angle resolved photoemission spectromicroscopy,nanofocussed probe,,,,,,,,
1293,http://purl.org/pan-science/PaNET/PaNET01293,scanning photoelectron microscopy,,,,,owl:Class,subclass,photoemission microscopy,scanning probe,,,,,,,,
1294,http://purl.org/pan-science/PaNET/PaNET01294,x-ray photoemission microscopy,,,,,owl:Class,subclass,photoemission microscopy,x-ray probe,,,,,,,,
1295,http://purl.org/pan-science/PaNET/PaNET01295,x-ray scanning microscopy,scanning x-ray microscopy,,,,owl:Class,subclass,x-ray microscopy,scanning probe,,,,,,,,
1296,http://purl.org/pan-science/PaNET/PaNET01296,high resolution core-level photoemission spectroscopy,,,,,owl:Class,subclass,high resolution photoelectron spectroscopy,atomic core excitation,,,,,,,,
1297,http://purl.org/pan-science/PaNET/PaNET01297,high resolution x-ray photoelectron spectroscopy,HR-XPS,,,,owl:Class,subclass,x-ray photoelectron spectroscopy,high resolution photoelectron spectroscopy,,,,,,,,
1298,http://purl.org/pan-science/PaNET/PaNET01298,elastic neutron scattering spectroscopy,resolution elastic neutron scattering,RENS,,,owl:Class,subclass,elastic scattering,neutron probe,spectroscopy,obtain dynamics,,,,,,
1299,http://purl.org/pan-science/PaNET/PaNET01299,high resolution inelastic neutron scattering,,,,,owl:Class,subclass,inelastic neutron spectroscopy,high energy resolution emission technique,,,,,,,,
1300,http://purl.org/pan-science/PaNET/PaNET01300,x-ray linear dichroism,,,,,owl:Class,subclass,linear dichroism,x-ray probe,,,,,,,,
1301,http://purl.org/pan-science/PaNET/PaNET01301,x-ray magnetochiral dichroism,XMChiD,,,,owl:Class,subclass,magnetochiral dichroism,x-ray probe,,,,,,,,
1302,http://purl.org/pan-science/PaNET/PaNET01302,x-ray natural circular dichroism,XNCD,,,,owl:Class,subclass,natural circular dichroism,x-ray probe,,,,,,,,
1303,http://purl.org/pan-science/PaNET/PaNET01303,x-ray natural linear dichroism,XNLD,,,,owl:Class,subclass,natural linear dichroism,x-ray probe,,,,,,,,
1304,http://purl.org/pan-science/PaNET/PaNET01304,fragment screening,crystallographic fragment screening,,,https://en.wikipedia.org/wiki/Fragment-based_lead_discovery,owl:Class,subclass,macromolecular crystallography,drug fragment binding,,,,,,,,
1305,http://purl.org/pan-science/PaNET/PaNET01305,long wavelength crystallography,,,,,owl:Class,subclass,macromolecular crystallography,tender x-ray probe,,,,,,,,
1306,http://purl.org/pan-science/PaNET/PaNET01306,microfocus macromolecular crystallography,microfocus MX,,,,owl:Class,subclass,macromolecular crystallography,microfocus x-ray scattering,,,,,,,,
1307,http://purl.org/pan-science/PaNET/PaNET01307,nanofocus macromolecular crystallography,nanofocus MX,,,,owl:Class,subclass,macromolecular crystallography,nanofocus x-ray scattering,,,,,,,,
1308,http://purl.org/pan-science/PaNET/PaNET01308,molecular replacement,MR,,,https://en.wikipedia.org/wiki/Molecular_replacement,owl:Class,subclass,macromolecular crystallography,,,,,,,,,
1309,http://purl.org/pan-science/PaNET/PaNET01309,time resolved serial femtosecond crystallography,TR-SFX,,,,owl:Class,subclass,serial femtosecond crystallography,time dependent diffraction,,,,,,,,
1310,http://purl.org/pan-science/PaNET/PaNET01310,fixed target serial synchrotron crystallography,FT-SSX,,,,owl:Class,subclass,serial synchrotron crystallography,,,,,,,,,
1311,http://purl.org/pan-science/PaNET/PaNET01311,lipidic cubic phase serial synchrotron crystallography,LCP-SSX,,,,owl:Class,subclass,serial synchrotron crystallography,macromolecular crystallography,,,,,,,,
1312,http://purl.org/pan-science/PaNET/PaNET01312,time resolved serial synchrotron crystallography,TR-SSX,,,,owl:Class,subclass,serial synchrotron crystallography,time dependent diffraction,,,,,,,,
1313,http://purl.org/pan-science/PaNET/PaNET01313,magnetic x-ray tomography,,,,,owl:Class,subclass,magnetism technique,x-ray tomography,,,,,,,,
1314,http://purl.org/pan-science/PaNET/PaNET01314,correlative light x-ray microscopy,CLXM,,,,owl:Class,subclass,x-ray microscopy,optical microscopy,,,,,,,,
1315,http://purl.org/pan-science/PaNET/PaNET01315,cryo x-ray microscopy,,,,,owl:Class,subclass,x-ray microscopy,,,,,,,,,
1316,http://purl.org/pan-science/PaNET/PaNET01316,grazing incidence wide angle scattering,GIWAXS,,,,owl:Class,subclass,wide angle x-ray scattering,grazing incidence diffraction,,,,,,,,
1317,http://purl.org/pan-science/PaNET/PaNET01317,high resolution angle resolved photoemission spectroscopy,HR-ARPES,,,,owl:Class,subclass,angle resolved photoemission spectroscopy,high resolution photoelectron spectroscopy,,,,,,,,
1318,http://purl.org/pan-science/PaNET/PaNET01318,atomic force microscopy,AFM,,,https://en.wikipedia.org/wiki/Atomic_force_microscopy,owl:Class,subclass,solid probe,force measurement,scanning probe,microscopy,,,,,,
1319,http://purl.org/pan-science/PaNET/PaNET01319,atomic force microscope infrared spectroscopy,AFM-IR,,,https://en.wikipedia.org/wiki/AFM-IR,owl:Class,subclass,atomic force microscopy,infrared spectroscopy,,,,,,,,
1320,http://purl.org/pan-science/PaNET/PaNET01320,fourier transform infrared spectroscopy,FTIR,,,https://en.wikipedia.org/wiki/Fourier-transform_infrared_spectroscopy,owl:Class,subclass,infrared spectroscopy,interferometry technique,,,,,,,,
1321,http://purl.org/pan-science/PaNET/PaNET01321,energy dispersive extended x-ray absorption fine structure,EDE,ED-EXAFS,,,owl:Class,subclass,energy dispersive x-ray spectroscopy,extended x-ray absorption fine structure,,,,,,,,
1322,http://purl.org/pan-science/PaNET/PaNET01322,microfocus x-ray absorption spectroscopy,,,,,owl:Class,subclass,microfocussed probe,x-ray absorption spectroscopy,,,,,,,,
1323,http://purl.org/pan-science/PaNET/PaNET01323,radiotherapy,radiation therapy,,,https://en.wikipedia.org/wiki/Radiation_therapy,owl:Class,subclass,therapy,,,,,,,,,
1324,http://purl.org/pan-science/PaNET/PaNET01324,surface crystallography,obtain surface atomic structure,,,,owl:Class,subclass,obtain atomic structure,,,,,,,,,
1325,http://purl.org/pan-science/PaNET/PaNET01325,borrmann effect,,,,https://en.wikipedia.org/wiki/Borrmann_effect,owl:Class,subclass,x-ray standing wave,single crystal diffraction,dynamical diffraction,,,,,,,
1326,http://purl.org/pan-science/PaNET/PaNET01326,birefringence,,,,,owl:Class,subclass,refraction technique,versus photon linear polarization,,,,,,,,
1327,http://purl.org/pan-science/PaNET/PaNET01327,x-ray birefringence imaging ,XBI,,,https://en.wikipedia.org/wiki/X-ray_birefringence_imaging,owl:Class,subclass,birefringence,x-ray linear dichroism,imaging,,,,,,,
1328,http://purl.org/pan-science/PaNET/PaNET01328,divergent beam diffraction,,,,,owl:Class,subclass,diffraction,,,,,,,,,
1329,http://purl.org/pan-science/PaNET/PaNET01329,kossel lines,,,,,owl:Class,subclass,divergent beam diffraction,x-ray fluorescence,,,,,,,,
1330,http://purl.org/pan-science/PaNET/PaNET01330,diffuse multiple scattering,,,,,owl:Class,subclass,divergent beam diffraction,diffuse scattering,,,,,,,,
,,,,,,,,,,,,,,,,,,
,,,,,,,,,,,,,,,,,,
,,,,,,,,,,,,,,,,,,
,,,,,,,,,,,,,,,,,,
,,Create dataset instances and give them hasTechnique relationship to instances of techniques. Can then use reasoner to search for individuals based on 'hasTechnique some technique' where technique is any of the technique classes above.,,,,,,,,,,,,,,,,
,,,,,,,,,,,,,,,,,,
,PaNET:dataset,dataset,,,"A dataset in the domain of neutron, muon and accelerator-based light sources",,owl:Class,subclass,owl:Thing,,,,,,,,,
,PaNET:hasTechnique,hasTechnique,,,,,owl:ObjectProperty,,,,,,,,,,,
,PaNET:mySingleCrystalDiffractionTechnique,mySingleCrystalDiffractionTechnique,,,,,single crystal diffraction,,,,,,,,,,,
,PaNET:my_single_crystal_x-ray_diffraction_data_123,my_single_crystal_x-ray_diffraction_data_123,,,,,dataset,,,,,,,,,,mySingleCrystalDiffractionTechnique,
,PaNET:myHighResNeutronPowderDiffractionTechnique,myHighResNeutronPowderDiffractionTechnique,,,,,high resolution neutron powder diffraction,,,,,,,,,,,
,PaNET:my_neutron_powder_diffraction_diffraction_data_55,my_neutron_powder_diffraction_diffraction_data_55,,,,,dataset,,,,,,,,,,myHighResNeutronPowderDiffractionTechnique,
,PaNET:myARPEStechnique,myARPEStechnique,,,,,angle resolved photoemission spectroscopy,,,,,,,,,,,
,PaNET:my_ARPES_data,my_ARPES_data,,,,,dataset,,,,,,,,,,myARPEStechnique,
,PaNET:myMicrofocusX-rayAbsorptionSpectroscopyTechnique,myMicrofocusX-rayAbsorptionSpectroscopyTechnique,,,,,microfocus x-ray absorption spectroscopy,,,,,,,,,,,
,PaNET:my_microfocus_spectrosopy_data,my_microfocus_spectrosopy_data,,,,,dataset,,,,,,,,,,myMicrofocusX-rayAbsorptionSpectroscopyTechnique,
,,,,,,,,,,,,,,,,,,
,,,,,,,,,,,,,,,,,,
,,,,,,,,,,,,,,,,,,
,,,,,,,,,,,,,,,,,,
,,,,,,,,,,,,,,,,,,
,,,,,,,,,,,,,,,,,,
,,,,,,,,,,,,,,,,,,
,,,,,,,,,,,,,,,,,,
,,,,,,,,,,,,,,,,,,
,,,,,,,,,,,,,,,,,,
